Albania, Europe
Armenia, Asia
Austria, Europe
Azerbaijan, Asia
Belgium, Europe
Bosnia-Herzegovina, Europe
Belarus, Europe
Bulgaria, Europe
Croatia, Europe
Cyprus, Asia
Czech Republic, Europe
Denmark, Europe
England, Europe
Spain, Europe
Estonia, Europe
Finland, Europe
France, Europe
Faroe Islands, Europe
Georgia, Europe/Asia
Germany, Europe
Greece, Europe
Hungary, Europe
Republic of Ireland, Europe
Iceland, Europe
Israel, Asia
Italy, Europe
Kazakhstan, Asia
Lithuania, Europe
Luxembourg, Europe
Latvia, Europe
Moldova, Europe
FYR Macedonia, Europe
Malta, Europe
Montenegro, Europe
Netherlands, Europe
Northern Ireland, Europe
Norway, Europe
Poland, Europe
Portugal, Europe
Romania, Europe
Russia, Europe/Asia
Scotland, Europe
Serbia, Europe
Switzerland, Europe
Slovakia, Europe
Slovenia, Europe
Sweden, Europe
Turkey, Europe/Asia
Ukraine, Europe
Wales, Europe
Kosovo, Europe
Bahrain, Asia
Brazil, South America
Canada, North America
Iran, Asia
Kenya, Africa
Saudi Arabia, Asia
Nigeria, Africa
San Marino, Europe
USA, North America
Côte d'Ivoire, Africa
Lebanon, Asia
Morocco, Africa
Oman, Asia
Senegal, Africa
Australia, Oceania
Uruguay, South America
Bolivia, South America
Costa Rica, North America
Egypt, Africa
Ghana, Africa
Hong Kong, Asia
Mali, Africa
Angola, Africa
Argentina, South America
Burkina Faso, Africa
Congo DR, Africa
Colombia, South America
India, Asia
Libya, Africa
Paraguay, South America
Peru, South America
Qatar, Asia
South Africa, Africa
Rwanda, Africa
Trinidad and Tobago, North America
Vietnam, Asia
Uzbekistan, Asia
Chile, South America
China PR, Asia
Singapore, Asia
Venezuela, South America
Japan, Asia
Korea Republic, Asia
Mexico, North America
Maldives, Asia
Sierra Leone, Africa
El Salvador, North America
Bermuda, North America
Indonesia, Asia
Jamaica, North America
New Zealand, Oceania
Tunisia, Africa
United Arab Emirates, Asia
Cameroon, Africa
Ecuador, South America
Honduras, North America
Niger, Africa
Benin, Africa
Gambia, Africa
Thailand, Asia
Algeria, Africa
Gabon, Africa
Haiti, North America
Madagascar, Africa
Kuwait, Asia
Guinea, Africa
Liberia, Africa
Namibia, Africa
Kyrgyzstan, Asia
Tajikistan, Asia
Myanmar, Asia
Guatemala, North America
Cape Verde Islands, Africa
Puerto Rico, North America
Guinea-Bissau, Africa
Mozambique, Africa
Jordan, Asia
Korea DPR, Asia
Malaysia, Asia
Panama, North America
Togo, Africa
Zimbabwe, Africa
Turkmenistan, Asia
Macau, Asia
Congo, Africa
Uganda, Africa
Syria, Asia
